{
  "i18n/i18n.properties": 1753813343459,
  "test/testsuite.qunit.js": 1753813292827,
  "test/integration/pages/RisksList.js": 1753813293143,
  "test/integration/opaTests.qunit.js": 1753813293063,
  "test/integration/FirstJourney.js": 1753813293143,
  "test/integration/pages/RisksObjectPage.js": 1753813293167,
  "xs-app.json": 1753815934806,
  "manifest.json": 1753815934866,
  "Component.js": 1753813292591,
  "test/integration/pages/RisksObjectPage-dbg.js": 1753813293167,
  "test/integration/pages/RisksObjectPage.js.map": 1753815946925,
  "test/integration/pages/RisksList-dbg.js": 1753813293143,
  "test/integration/pages/RisksList.js.map": 1753815946925,
  "test/integration/opaTests.qunit-dbg.js": 1753813293063,
  "test/integration/opaTests.qunit.js.map": 1753815946929,
  "test/integration/FirstJourney-dbg.js": 1753813293143,
  "test/integration/FirstJourney.js.map": 1753815946916,
  "test/testsuite.qunit-dbg.js": 1753813292827,
  "test/testsuite.qunit.js.map": 1753815946918,
  "Component-dbg.js": 1753813292591,
  "Component.js.map": 1753815946920,
  "Component-preload.js": 1753815947018,
  "Component-preload.js.map": 1753815947018,
  "test/integration/opaTests.qunit.html": 1753813293059,
  "test/testsuite.qunit.html": 1753813292771,
  "test/flpSandbox.html": 1753813292771,
  "index.html": 1753813292631
}